dose_ppm_hr,concentration_ppm,duration_hours,temp_c,rh_pct,r,g,b,L,a,b_lab,delta_e,delta_e_env,correction_residual,brightness,blur_score
59.004,25.194,2.34,30.9,47.3,61.0,51.82,34.29,22.1212,1.0334,12.6162,61.4404,5.0863,8.161,200.07,765.46
7.686,1.036,7.42,26.5,48.6,185.03,171.13,136.79,70.381,-0.4586,19.5269,10.923,4.0985,7.465,222.95,726.8
7.383,7.258,1.02,22.4,81.3,175.38,165.54,145.09,68.2499,0.0698,11.8806,13.3592,6.0365,6.174,181.8,145.17
10.638,5.492,1.94,37.1,44.1,154.32,143.99,119.65,60.0622,-0.2789,14.3369,19.4602,5.845,0.984,201.11,845.65
10.041,1.343,7.48,33.8,57.5,145.38,139.62,116.49,58.0113,-1.9031,13.1531,21.3006,6.3699,10.334,216.76,727.43
78.293,24.14,3.24,27.3,82.7,46.33,42.21,15.58,16.9673,-2.5253,17.6984,68.3892,8.2246,10.292,202.45,109.35
4.905,0.971,5.05,18.2,41.0,200.28,191.42,163.2,77.5272,-1.5535,15.3654,6.0156,1.465,1.258,214.81,172.18
58.374,34.883,1.67,31.6,51.4,53.28,43.35,37.21,18.5976,3.3828,5.6988,67.1859,3.6914,3.277,189.36,170.31
9.431,1.45,6.5,30.4,62.7,153.86,144.98,122.5,60.3551,-0.5678,13.1305,19.3114,4.709,0.505,178.88,643.94
82.401,10.796,7.63,26.4,53.9,48.57,43.54,26.97,17.8684,-0.7936,11.6205,67.3491,6.2677,6.534,180.02,165.27
83.962,36.138,2.32,21.6,51.6,56.9,49.11,32.16,20.744,0.468,12.1181,63.378,4.0111,6.177,176.39,84.54
3.165,0.795,3.98,32.2,50.9,202.44,188.5,159.8,76.8805,0.2893,16.3126,6.6113,6.6888,5.624,214.59,92.11
6.338,1.062,5.97,30.6,84.8,177.19,163.36,137.04,67.6515,0.7085,15.5064,13.4014,4.8998,0.511,209.16,726.23
53.717,27.848,1.93,26.2,68.5,68.03,56.38,45.8,24.6105,3.2241,8.5275,58.5018,3.5373,1.528,169.35,533.31
8.468,4.251,1.99,25.6,63.4,178.67,162.77,133.68,67.5548,1.116,17.2423,13.4489,3.7237,7.533,221.56,236.55
5.513,1.328,4.15,30.7,51.6,189.48,176.08,151.67,72.375,0.7735,14.2482,10.1504,5.7094,1.436,211.46,728.57
34.276,9.379,3.65,34.0,46.9,92.2,80.89,66.22,35.1038,2.0652,10.3593,44.8516,5.4007,5.436,188.28,133.79
4.9,3.443,1.42,25.8,69.1,194.82,182.84,152.75,74.6166,-0.6371,16.8597,7.8632,3.8208,0.638,215.42,715.39
16.769,4.016,4.18,33.1,53.3,111.45,103.1,82.75,43.8725,-0.2949,12.693,34.7668,6.5356,5.963,182.3,105.22
8.47,6.842,1.24,21.8,36.9,196.17,171.3,144.59,71.5768,4.8837,17.0845,12.513,2.8276,7.393,207.98,73.26
10.219,3.41,3.0,28.8,41.7,159.78,143.12,129.81,60.5503,3.955,9.3462,21.1571,7.2297,7.852,209.63,242.17
99.207,22.813,4.35,27.1,38.0,46.55,38.16,35.35,16.0741,3.3469,3.32,70.7247,1.8294,6.987,204.03,883.99
5.21,1.936,2.69,21.7,70.3,190.8,183.02,155.66,74.3912,-1.8181,14.9206,8.2513,3.3382,4.261,215.91,218.43
16.97,2.461,6.9,37.0,59.3,112.48,103.16,84.68,44.0302,0.417,11.7762,34.7235,7.1338,6.686,197.38,239.32
10.57,1.428,7.4,31.9,47.8,165.49,145.97,121.25,61.6445,3.323,15.7907,18.8968,4.9038,7.587,200.77,567.3
10.285,3.147,3.27,31.1,75.5,158.17,141.24,125.14,59.7921,3.6333,10.9055,21.2263,10.2826,8.279,215.64,189.08
75.395,14.592,5.17,34.3,53.9,41.01,44.64,38.12,17.7441,-3.1438,3.6785,68.2437,4.2825,7.159,203.16,116.24
82.007,25.605,3.2,34.7,43.2,55.1,37.09,38.44,16.9256,8.7839,2.5,71.0007,5.763,5.453,191.83,712.58
6.189,3.603,1.72,20.9,40.1,186.35,177.55,151.34,72.4894,-1.2489,14.5453,9.645,2.8781,3.187,184.65,562.96
8.19,3.004,2.73,31.1,49.4,186.41,164.32,137.08,68.7262,3.8025,17.1037,13.6989,3.3388,8.55,220.76,827.1
4.698,0.863,5.45,30.6,62.3,193.19,183.67,148.59,74.6125,-2.3088,19.0758,7.7326,4.221,0.532,195.97,79.87
96.494,20.669,4.67,37.3,54.5,47.91,41.48,30.73,17.1943,0.871,8.1374,68.4972,6.7769,4.576,194.78,701.48
51.435,16.879,3.05,35.2,81.9,52.63,41.71,32.8,17.8788,3.4281,7.7359,67.9376,5.6752,5.157,201.78,190.6
95.987,17.541,5.47,21.1,38.6,43.29,45.6,29.35,18.0685,-4.44,10.1812,67.2927,3.0049,7.505,187.17,82.88
7.542,2.122,3.55,37.4,63.1,175.49,160.43,133.04,66.6409,1.048,16.2888,14.1958,7.929,6.426,207.53,771.64
68.6,15.539,4.41,23.2,36.6,59.98,53.72,46.51,22.9085,1.3148,5.5429,60.8932,1.4485,0.624,198.47,179.2
52.083,12.532,4.16,20.9,46.0,70.81,61.27,45.4,26.4221,1.3054,11.3134,55.5756,3.4462,5.025,183.99,665.33
43.416,23.661,1.83,24.5,35.8,87.14,73.1,63.23,32.1976,4.172,8.1109,48.9726,2.125,0.586,186.64,624.38
77.956,10.589,7.36,26.6,42.5,51.72,40.63,36.36,17.5189,4.3366,4.7487,68.9166,4.5053,3.925,199.43,693.79
61.573,44.393,1.39,21.6,54.4,54.54,55.15,47.34,22.8411,-1.9679,4.8116,60.9793,3.0901,7.404,176.46,154.75
3.755,0.629,5.97,36.6,38.9,192.99,196.81,152.12,78.1409,-8.7481,22.0451,8.4174,6.6219,6.286,215.5,767.33
87.361,12.942,6.75,28.0,66.9,49.09,44.08,40.44,18.4466,1.5031,3.1809,67.4247,3.5142,0.513,185.46,74.95
16.038,2.04,7.86,18.7,52.3,158.13,141.57,120.17,59.7643,2.6673,13.6832,20.4147,2.1927,2.967,188.46,573.54
2.012,0.326,6.17,31.0,57.9,211.75,201.5,165.62,81.1296,-2.1821,19.2416,3.1531,4.647,4.656,217.07,721.58
11.257,1.717,6.56,19.9,52.7,161.21,148.05,132.72,62.0656,2.2357,9.8657,19.0855,5.9845,5.724,207.71,691.46
4.339,2.289,1.9,33.5,41.9,207.94,187.86,154.47,77.0748,1.9556,19.5186,7.0895,4.0838,10.701,225.17,1073.58
22.193,5.54,4.01,20.7,71.6,117.4,102.67,88.84,44.4668,3.4525,9.9586,35.0405,3.8123,1.991,188.55,653.23
7.748,2.128,3.64,37.3,81.7,155.04,147.49,123.76,61.1692,-1.2937,13.5767,18.5574,6.6861,0.643,203.59,609.93
97.02,32.004,3.03,29.0,71.9,47.52,40.12,34.48,16.8022,2.2903,4.978,69.443,4.5059,0.507,164.27,124.16
60.429,13.306,4.54,18.9,43.6,65.74,50.45,38.22,22.3403,4.8441,10.4057,61.7674,5.7091,9.14,200.6,92.92
20.156,5.859,3.44,36.0,54.5,114.86,105.59,84.46,44.9526,-0.0414,13.2143,33.6325,4.9456,4.405,209.3,759.87
32.879,11.627,2.83,23.6,73.5,95.39,84.76,73.9,36.7544,2.3633,7.9336,43.2745,3.0413,3.185,188.36,170.95
6.762,2.319,2.92,21.3,44.9,188.21,179.2,152.92,73.1122,-1.181,14.5862,9.1949,3.3644,4.59,211.81,860.85
2.501,0.385,6.49,33.7,57.7,210.48,211.02,163.53,83.4594,-7.8712,23.5368,6.0945,5.713,7.137,227.74,833.07
5.147,0.884,5.82,37.7,83.7,183.87,172.95,140.45,70.8351,-1.3667,18.1458,10.526,6.7069,4.174,215.62,760.2
2.287,0.967,2.37,20.0,73.9,215.63,200.61,169.61,81.3036,0.3133,17.4135,3.7803,2.4243,0.664,209.54,631.6
15.933,7.903,2.02,28.3,65.7,127.99,114.87,95.95,49.0864,1.8617,12.3457,29.8451,4.1318,8.011,189.65,607.96
2.029,0.294,6.9,18.5,84.1,211.48,206.98,166.32,82.5401,-5.0251,20.8186,4.0875,3.4044,4.443,224.97,844.11
9.859,2.594,3.8,21.9,80.4,169.06,161.72,136.19,66.4944,-1.6761,14.2557,14.1887,1.6046,5.616,218.92,106.75
13.72,2.148,6.39,33.5,46.7,134.22,126.94,105.51,53.2541,-0.9949,12.6646,25.5783,4.9037,3.713,195.98,676.01
2.457,0.472,5.2,34.7,50.5,204.16,190.81,169.59,77.8306,1.1943,12.4035,7.5056,6.1244,5.002,203.32,644.63
8.082,2.799,2.89,27.6,48.8,177.43,162.22,135.26,67.3317,1.1645,16.0456,13.7172,3.2368,0.673,182.12,519.35
2.558,0.572,4.47,24.1,79.4,209.57,210.61,169.91,83.4069,-7.0787,20.1045,5.6632,5.7933,8.035,224.97,232.2
6.808,1.021,6.67,24.8,41.7,187.09,169.9,140.81,70.322,1.5748,17.2781,11.5329,2.8946,3.08,217.57,841.08
12.68,5.55,2.28,31.4,35.1,144.63,133.5,115.8,56.2427,1.1264,11.0595,23.3162,4.239,2.893,177.0,101.09
6.829,6.121,1.12,26.8,62.8,185.07,179.17,143.68,72.6516,-3.7501,18.9179,9.4402,3.3108,4.221,212.45,766.35
10.695,1.602,6.68,36.3,52.6,146.96,137.37,113.33,57.4582,-0.506,14.204,21.6947,6.2061,3.325,205.96,741.85
10.377,1.611,6.44,29.5,49.7,148.41,138.55,114.01,57.927,-0.4794,14.487,21.2652,3.596,2.381,186.99,577.44
8.374,6.632,1.26,28.1,83.7,170.43,162.65,129.24,66.715,-2.6939,18.4154,13.7799,4.1781,4.676,218.16,805.92
23.839,4.477,5.32,31.7,35.2,108.48,98.53,82.73,42.2683,1.1422,10.4344,36.7668,5.1107,3.607,191.1,664.48
3.814,0.57,6.69,29.2,63.2,209.59,196.75,161.76,79.6489,-1.0662,19.2067,4.14,3.5605,3.103,222.92,231.07
36.305,26.222,1.38,27.0,52.0,96.86,82.73,71.11,36.2423,3.7868,8.9686,44.0373,3.2362,4.748,206.5,752.27
89.733,12.732,7.05,18.9,42.7,48.62,39.89,33.86,16.8361,2.8735,5.4825,69.4299,0.5019,4.097,199.73,113.27
60.809,19.842,3.06,30.3,79.2,56.23,51.62,36.11,21.5712,-0.9123,10.5886,62.2385,5.7931,3.487,191.35,106.51
6.62,5.434,1.22,23.4,72.8,195.66,181.51,149.91,74.2843,-0.0251,17.9431,8.145,4.6473,7.638,224.35,723.22
26.036,7.016,3.71,28.9,51.6,96.0,88.45,78.69,38.0239,1.2082,6.7613,41.8128,3.3481,5.808,190.32,629.88
9.311,1.496,6.22,30.4,74.7,175.14,155.28,126.67,65.1152,2.8111,17.6982,15.8413,5.8621,5.98,201.25,178.49
10.975,7.676,1.43,36.2,76.7,139.96,131.68,108.45,55.1549,-0.8853,13.6915,23.7621,6.6119,2.614,203.92,220.49
34.143,15.498,2.2,27.5,57.8,85.79,74.96,63.63,32.6162,2.4616,8.4264,48.0666,2.9634,2.789,203.38,712.63
58.026,23.908,2.43,18.2,81.1,71.14,64.24,44.73,27.3689,-0.5411,13.0256,54.1199,8.271,8.978,186.76,118.54
83.154,63.604,1.31,31.4,83.5,46.77,41.78,32.41,17.2077,0.3933,6.9738,68.5408,5.1072,0.964,194.37,708.92
8.482,1.276,6.65,37.3,36.4,164.65,159.75,131.92,65.5006,-2.9847,15.1831,14.9927,6.3216,4.5,212.59,699.17
72.867,38.554,1.89,35.7,79.7,48.46,39.4,35.88,16.7179,3.5105,3.8945,69.8924,7.174,0.546,195.65,849.66
7.422,1.488,4.99,31.6,53.1,172.03,160.13,137.19,66.3463,0.4892,13.5365,14.5849,5.5069,1.472,208.23,137.49
52.42,24.019,2.18,21.4,68.1,76.98,60.3,57.35,27.1276,6.7682,4.5907,56.5371,4.2482,7.017,205.78,731.52
70.368,9.343,7.53,28.3,74.1,50.1,40.7,37.59,17.3826,3.7353,3.6649,69.1308,2.9915,6.533,201.89,845.75
4.831,0.808,5.98,28.9,75.7,190.08,180.87,156.77,73.7919,-0.7744,13.4719,8.9706,4.0961,0.69,191.94,112.85
11.721,1.759,6.67,26.1,54.1,158.73,154.09,127.58,63.3704,-2.8801,14.5557,16.7491,3.3103,6.478,217.92,191.14
23.064,5.445,4.24,29.7,43.9,115.15,106.42,85.52,45.2394,-0.2342,12.9881,33.3424,6.1988,4.857,197.81,171.17
89.425,16.671,5.36,31.3,79.5,48.05,39.67,33.36,16.6844,2.6582,5.6057,69.5716,5.7976,0.383,188.68,721.29
28.371,8.355,3.4,27.7,78.3,101.82,87.96,73.32,38.3263,3.1175,10.5846,41.3605,5.7393,8.555,211.38,812.73
43.092,8.558,5.04,28.2,68.2,60.03,60.47,48.46,25.1379,-2.692,7.3757,57.5557,4.8654,7.426,184.19,602.83
25.933,5.738,4.52,19.8,84.2,113.76,106.16,90.95,45.1617,0.2098,9.6211,33.7636,2.3814,0.9,197.15,795.38
2.123,0.309,6.87,22.3,47.9,208.43,213.16,172.45,84.0361,-8.4231,19.629,6.8054,4.4219,4.883,225.46,721.63
48.454,6.175,7.85,20.2,76.7,71.15,56.1,56.25,25.1715,6.6863,2.4265,59.4809,4.4419,7.852,196.21,669.07
89.556,18.955,4.72,18.6,39.2,45.76,37.07,40.41,15.7919,4.7976,-0.6862,72.0638,6.402,11.314,207.22,794.86
7.344,3.026,2.43,33.2,54.5,170.47,160.46,131.73,66.182,-1.1261,16.3064,14.2389,4.4999,1.987,214.88,791.07
20.299,4.482,4.53,26.1,55.8,106.25,95.73,83.1,41.2521,1.9315,8.7551,38.1619,5.1341,9.154,191.6,641.21
35.032,7.302,4.8,31.1,54.0,78.44,71.45,57.83,30.6561,0.3825,9.2616,50.143,3.4512,8.593,206.88,867.28
2.306,0.315,7.32,27.5,46.6,211.8,200.08,167.02,80.7965,-1.2219,18.0343,3.3976,3.8478,2.683,191.02,614.62
6.566,4.808,1.37,24.2,73.5,187.76,172.72,150.89,71.3324,1.8077,13.1859,11.5016,5.2693,4.206,203.82,629.12
81.966,15.846,5.17,33.8,65.7,49.95,44.6,35.69,18.5796,0.6292,6.6677,66.7609,6.0171,0.822,173.22,820.33
42.31,15.345,2.76,18.7,57.8,86.72,76.43,60.33,33.073,1.4339,11.1508,47.1159,1.8809,3.694,196.53,719.5
53.589,13.372,4.01,24.5,53.9,65.0,62.11,48.01,26.1408,-1.537,9.1337,55.9903,3.7177,2.934,193.82,802.34
4.223,1.507,2.8,22.3,77.7,201.2,187.09,163.62,76.4921,1.143,13.6987,7.7989,5.9028,6.092,218.35,141.48
50.122,19.936,2.51,36.4,80.1,60.47,52.57,43.38,22.5137,1.732,7.098,61.3275,6.4949,0.575,188.18,568.19
49.054,7.317,6.7,37.5,39.6,65.42,54.69,50.94,23.9351,4.0145,4.1162,60.1575,6.3147,0.73,173.39,585.21
0.374,0.155,2.41,36.2,49.1,221.56,208.58,176.76,83.9767,-0.5935,17.4337,1.865,6.3373,4.402,202.65,587.45
10.634,1.937,5.49,23.5,44.6,160.73,155.4,128.01,63.9059,-2.7457,15.0839,16.2439,2.6517,0.571,201.67,105.07
6.772,3.387,2.0,36.5,83.8,164.96,165.29,131.43,67.023,-5.9295,17.5653,14.3243,7.2685,5.846,213.72,680.64
8.948,2.505,3.57,30.8,68.2,176.15,159.82,133.21,66.5419,1.6658,16.0646,14.4705,3.28,8.334,219.55,203.89
31.831,6.24,5.1,23.5,52.6,90.08,76.26,68.13,33.5657,4.3203,6.9729,47.5468,2.9464,5.484,207.31,132.14
44.079,24.641,1.79,23.8,70.3,80.28,69.93,63.56,30.5299,3.1729,5.4466,51.1661,4.7127,8.161,188.42,867.73
1.191,0.315,3.78,31.7,65.2,211.27,203.47,171.29,81.715,-2.5542,17.0403,3.2129,4.897,0.738,201.96,218.22
72.308,15.188,4.76,23.6,75.6,55.94,40.12,42.34,18.0729,7.8216,1.428,69.5156,5.5099,5.117,200.13,777.42
11.445,5.189,2.21,21.2,76.0,160.13,141.57,122.82,60.0087,3.8643,12.5516,20.8498,5.6918,9.848,215.4,699.4
2.347,0.334,7.02,18.8,36.1,213.89,202.42,165.69,81.5437,-1.8477,19.805,2.8255,1.6599,0.736,204.4,116.08
62.919,8.383,7.51,21.8,61.3,60.19,47.56,43.06,20.9026,4.8917,5.0501,64.395,3.3073,7.494,205.38,1000.41
8.158,4.901,1.66,32.6,45.5,166.46,160.39,129.36,65.7721,-3.0137,16.9997,14.6295,6.1825,1.825,209.09,742.86
5.518,4.956,1.11,21.6,62.2,196.09,177.84,151.89,73.4094,2.3867,15.6582,9.9924,3.4831,3.113,196.54,532.78
35.064,4.579,7.66,36.9,75.8,65.77,61.57,53.56,26.1896,0.1794,5.5805,56.2972,8.0894,4.445,186.41,687.19
20.962,2.744,7.64,34.5,53.0,106.39,97.38,77.56,41.6135,0.1058,12.6171,37.1789,9.5927,9.349,194.42,158.81
24.965,6.06,4.12,37.7,82.7,93.96,84.67,68.83,36.4632,0.9452,10.6491,43.1067,7.0483,2.955,180.34,106.93
10.687,3.932,2.72,32.0,47.9,154.51,144.76,118.83,60.273,-0.7584,15.0993,19.1879,4.4176,0.52,198.03,164.61
7.595,1.142,6.65,19.8,58.3,180.89,170.08,140.16,69.8162,-1.0183,16.8505,11.3778,2.5549,0.47,198.23,676.79
20.549,5.363,3.83,33.9,76.1,105.07,93.65,76.25,40.3716,1.5576,11.6798,38.7386,9.5361,9.17,188.07,645.3
59.817,11.651,5.13,35.4,56.6,46.72,46.81,30.1,18.8424,-3.4169,10.7716,66.1344,10.0045,8.933,198.84,693.41
4.667,1.251,3.73,35.0,53.2,191.13,176.59,151.61,72.6467,1.1241,14.6786,10.023,3.8909,8.918,224.05,112.0
6.597,3.297,2.0,34.3,47.6,182.04,167.89,145.51,69.4521,1.4116,13.4229,12.5781,6.2162,5.086,181.35,558.24
17.367,2.884,6.02,30.8,55.0,110.59,103.51,86.34,43.9908,-0.3199,10.6951,34.8084,5.5591,4.58,200.72,757.99
0.439,0.098,4.49,22.3,78.7,218.4,220.4,177.46,86.7786,-7.7271,20.9256,5.9549,3.6012,6.144,216.55,174.8
98.255,21.598,4.55,35.1,42.6,47.29,32.71,32.32,14.3383,6.9605,3.0185,73.3915,5.7635,5.544,188.66,656.53
3.786,2.002,1.89,26.8,45.0,198.25,196.45,156.03,78.5337,-6.0139,20.5738,6.5873,3.5809,4.096,220.54,802.89
11.524,2.302,5.01,36.2,36.6,152.69,139.66,114.79,58.6338,0.7394,15.0809,20.7509,8.7429,6.667,200.61,655.46
2.521,0.536,4.7,21.1,62.7,216.46,209.26,177.11,83.7463,-2.7775,16.8611,2.4235,3.2485,10.79,229.47,199.13
22.805,8.68,2.63,18.8,61.9,125.24,113.28,95.1,48.3597,1.5062,11.7891,30.5337,2.0104,0.479,188.46,112.87
1.433,0.483,2.97,24.2,53.4,219.17,218.41,164.67,86.0801,-8.2327,26.6281,6.3694,3.489,7.372,226.88,702.89
52.755,22.594,2.33,19.3,56.2,82.44,69.18,62.34,30.5066,4.3911,6.2325,51.3621,5.5921,5.153,205.98,960.1
99.831,26.592,3.75,34.4,63.5,44.34,39.23,35.22,16.1642,1.5072,3.5049,70.2999,5.1018,2.837,198.41,236.02
35.353,4.483,7.89,31.8,62.9,70.66,58.46,53.15,25.7389,4.3454,5.2913,57.6122,6.0971,7.536,207.47,89.65
8.335,1.993,4.18,19.8,40.0,190.34,175.87,146.17,72.2772,0.3983,17.1127,9.7476,0.8992,6.053,222.86,854.2
76.277,15.533,4.91,27.5,79.3,47.8,40.17,36.29,16.9028,2.7398,3.8568,69.5316,3.8914,2.516,185.37,753.78
7.487,1.03,7.27,21.3,80.2,188.94,166.97,135.43,69.6119,3.1245,19.2693,12.5796,2.8896,7.241,194.98,109.14
30.296,26.081,1.16,24.2,62.4,98.71,91.47,76.16,39.1109,0.1043,9.8853,40.1205,2.3913,1.839,201.19,704.16
57.972,10.261,5.65,35.8,54.5,54.3,45.82,34.96,19.449,1.8145,8.4444,65.5218,5.8309,2.866,194.62,720.26
4.773,2.524,1.89,18.3,44.9,204.83,184.08,162.92,76.0142,4.0063,13.448,10.2549,5.5043,8.519,218.87,769.84
5.152,3.634,1.42,37.6,37.2,187.88,190.42,157.64,76.1557,-6.5056,16.2879,8.7825,5.7469,9.576,225.65,759.8
21.836,5.682,3.84,36.2,57.0,93.3,86.3,70.22,36.9146,-0.1068,10.4027,42.5276,6.5942,0.544,192.47,229.17
62.8,38.582,1.63,25.0,65.1,59.73,48.94,36.17,21.1038,2.5948,9.9794,63.1788,3.196,4.901,199.09,164.18
65.369,15.581,4.2,35.6,79.6,53.91,43.88,31.6,18.6977,2.3994,9.7031,66.533,6.9498,3.662,160.04,511.47
58.414,48.65,1.2,19.6,59.8,66.71,56.11,45.16,24.3649,2.6642,8.583,58.7428,2.564,3.652,186.54,660.05
90.869,13.406,6.78,20.1,76.9,52.14,41.02,39.14,17.7761,4.7874,3.1793,68.9117,6.2725,5.019,184.8,675.89
6.74,1.143,5.9,32.8,52.1,173.64,164.06,139.57,67.5847,-0.6596,13.9695,13.4022,4.7391,0.646,190.46,619.63
10.771,1.689,6.38,25.6,68.5,152.22,141.11,118.73,59.0728,0.3435,13.4527,20.4551,4.2485,0.886,202.17,789.95
11.474,5.051,2.27,35.4,59.5,145.78,134.16,115.45,56.5204,1.1596,11.663,22.9988,5.0179,0.47,204.5,749.61
1.651,0.229,7.21,22.2,36.8,220.34,205.07,168.44,82.812,-0.4179,20.1869,2.3779,3.6805,4.503,209.44,647.54
91.109,12.111,7.52,23.8,69.3,55.66,37.14,42.99,17.1676,9.8577,-0.351,71.4599,6.1439,6.409,197.15,789.35
8.091,6.64,1.22,36.5,43.5,171.27,151.7,122.91,63.7352,2.7056,17.8297,16.868,6.7312,5.922,210.43,137.66
22.289,9.353,2.38,29.7,69.7,108.82,100.27,85.65,42.8722,0.7339,9.5246,36.1798,4.4653,1.491,192.94,96.73
5.224,1.651,3.16,21.3,72.8,191.18,174.97,142.07,72.0304,0.6175,19.0136,9.9077,5.2276,3.976,215.93,861.7
0.407,0.067,6.06,24.1,68.2,215.59,210.76,173.15,83.9812,-4.4553,19.271,3.2606,3.4122,6.364,221.39,171.69
11.502,1.534,7.5,30.8,37.8,159.72,149.41,120.93,62.04,-0.9323,16.4367,17.6116,2.4838,4.678,212.18,833.93
3.197,0.467,6.85,28.3,47.7,205.75,208.73,167.33,82.5699,-7.9034,20.2562,6.5068,2.3296,10.103,229.91,76.06
39.847,10.645,3.74,23.2,77.2,82.64,71.35,59.01,31.091,2.5445,9.1801,49.8675,4.2561,7.996,205.19,115.22
63.939,8.914,7.17,24.3,54.0,61.77,52.62,43.09,22.6667,2.2682,7.528,61.1416,2.8459,1.152,190.42,684.19
47.532,7.138,6.66,29.8,48.9,61.53,54.3,47.44,23.2842,1.8282,5.4754,60.4451,2.0718,4.444,202.94,86.54
25.29,7.602,3.33,37.6,58.5,94.41,86.13,71.01,36.992,0.6133,10.0422,42.5217,6.6026,0.515,189.11,209.72
1.828,0.585,3.13,32.2,83.6,205.65,193.58,162.25,78.5124,-0.8209,17.3166,5.0733,5.5481,0.524,196.74,589.32
0.884,0.121,7.32,34.6,82.8,215.25,209.57,194.79,84.1199,-0.5836,8.0166,7.1075,11.2935,11.073,227.68,177.44
7.144,3.563,2.01,30.2,64.1,171.85,161.38,136.47,66.6482,-0.372,14.3548,14.1037,4.1152,7.802,221.3,85.42
0.6,0.094,6.4,23.5,43.6,224.85,211.8,184.9,85.2354,0.1535,14.9416,3.1385,4.6347,5.337,211.75,133.27
58.972,19.053,3.1,29.8,53.9,59.68,53.31,44.71,22.6992,1.1094,6.4499,61.0638,3.8997,2.613,181.73,645.1
7.765,1.379,5.63,29.0,59.0,162.21,154.56,131.54,63.8787,-1.1563,13.0959,16.4027,5.836,3.413,197.18,660.06
3.139,1.101,2.85,30.3,64.0,204.9,200.27,159.5,80.1348,-4.9968,21.0208,5.1165,3.544,6.645,226.49,841.16
83.676,11.799,7.09,29.3,65.7,52.0,42.26,31.31,17.9433,2.4886,8.8364,67.6249,4.4808,4.089,191.25,109.6
31.87,5.998,5.31,18.9,45.7,102.14,94.53,71.98,40.2484,-0.9155,14.051,38.5353,2.9847,5.25,186.96,165.45
10.04,4.137,2.43,27.7,42.6,164.04,158.02,130.89,64.9582,-2.4377,14.9872,15.374,3.2996,0.408,197.7,699.85
43.981,15.674,2.81,18.2,39.7,86.75,79.21,65.75,34.0378,0.6108,9.0893,46.0457,1.7147,1.148,175.19,567.63
10.618,1.482,7.17,22.4,67.2,168.06,157.99,134.19,65.3649,-0.3437,13.7735,15.1816,4.7244,4.043,216.71,819.38
70.519,13.277,5.31,31.0,72.0,53.61,36.55,34.67,16.4447,7.7815,4.4498,71.0423,6.3083,5.107,193.52,715.08
43.674,11.479,3.8,18.6,56.1,75.31,71.73,57.34,30.4162,-1.286,9.1936,50.403,5.2535,8.409,206.0,99.03
36.879,4.87,7.57,31.3,84.6,73.84,68.33,60.11,29.2892,0.7009,5.8166,52.2589,5.8966,1.661,196.18,893.33
98.275,12.802,7.68,35.7,60.3,42.92,41.34,33.05,16.6595,-1.0726,5.7042,69.3143,5.8721,1.609,195.29,799.65
2.036,0.325,6.27,33.6,54.1,200.97,194.81,168.21,78.5753,-2.313,14.1591,5.8041,5.686,1.743,218.06,784.37
36.953,12.266,3.01,23.8,64.9,80.23,69.0,60.66,30.1708,3.2243,6.8018,51.4215,4.6658,4.096,194.23,815.21
11.212,9.899,1.13,25.9,56.7,163.72,156.36,127.89,64.416,-2.1151,15.8977,15.7023,6.4629,5.564,216.51,729.13
8.436,1.755,4.81,22.8,40.5,172.16,176.97,146.9,71.0928,-6.9903,14.8449,12.3552,8.0484,7.855,215.39,720.33
82.609,11.299,7.31,26.4,83.6,50.18,39.75,29.97,16.8781,3.086,8.2778,69.1314,4.3576,2.841,184.26,163.78
6.816,0.957,7.12,28.7,56.0,181.09,176.67,140.83,71.6015,-4.3728,18.9598,10.3714,4.0591,8.43,220.49,761.78
5.043,1.239,4.07,35.5,36.9,188.79,176.13,144.88,72.1846,-0.525,17.6688,9.5943,4.6631,3.422,218.82,773.58
11.619,2.909,3.99,31.6,47.1,148.23,147.24,120.03,60.4431,-4.4311,14.574,19.4233,6.1176,8.544,211.5,646.25
59.202,50.489,1.17,30.7,73.3,54.59,45.52,37.97,19.4642,2.674,6.4138,65.8006,5.2343,1.208,199.69,825.0
10.701,1.699,6.3,18.8,75.3,173.51,167.57,139.1,68.5033,-2.6802,15.5146,12.5802,3.1702,3.435,213.2,137.16
33.208,5.86,5.67,24.7,73.8,72.46,70.14,51.22,29.4985,-2.625,11.7883,51.4235,4.8386,8.268,189.0,712.66
21.586,2.714,7.95,27.5,77.3,115.93,105.45,86.28,45.0529,0.786,12.2868,33.6711,3.7156,4.48,210.0,737.47
0.938,0.197,4.77,19.4,46.5,218.96,208.31,169.99,83.5592,-2.3982,20.3855,1.7504,3.361,3.186,212.2,96.35
7.395,1.279,5.78,22.2,49.6,179.29,168.11,143.67,69.2326,-0.0489,14.0913,12.2188,3.0219,2.729,218.56,205.12
9.425,1.402,6.72,25.2,69.8,169.75,157.91,129.91,65.3966,-0.2877,16.2196,14.9309,3.9309,3.053,206.71,248.68
0.414,0.097,4.27,26.1,72.5,219.98,206.13,174.37,83.1729,-0.2577,17.5546,2.4206,5.8191,4.865,217.57,621.27
54.433,18.0,3.02,25.1,44.7,55.38,47.81,38.84,20.3094,1.6658,7.0084,64.4268,2.8201,0.504,166.69,667.4
43.401,42.391,1.02,36.6,83.1,57.61,49.54,37.99,21.0944,1.4439,8.7024,63.1539,6.7839,4.131,193.44,684.95
31.673,4.432,7.15,34.0,41.8,83.99,76.06,64.73,32.7892,1.1694,7.941,47.7168,5.9682,2.937,183.99,640.07
83.424,21.921,3.81,20.9,61.4,49.81,42.17,37.27,17.8133,2.5195,4.4971,68.2389,2.1789,0.431,187.96,785.05
65.293,12.441,5.25,37.7,64.6,51.41,45.16,40.5,19.0565,1.8697,4.0469,66.5276,6.2975,2.496,189.05,116.61
7.956,1.627,4.89,36.9,66.1,168.67,157.85,138.39,65.4728,0.6255,11.5987,15.6059,9.1534,8.531,215.95,164.89
95.577,64.214,1.49,26.5,49.3,44.76,45.1,38.54,18.2781,-1.6266,4.1942,67.3901,3.0861,6.246,194.3,744.47
10.862,1.671,6.5,21.8,50.9,165.61,158.65,130.93,65.2606,-2.1609,15.4063,15.0673,3.0335,5.939,216.94,138.59
48.869,6.147,7.95,26.8,56.1,70.66,60.26,51.02,26.2306,2.8024,7.3816,56.3587,3.5239,0.594,193.59,227.26
29.62,9.036,3.28,35.5,67.8,86.46,77.99,62.58,33.5668,0.7039,10.419,46.5018,6.6091,0.549,184.57,605.58
10.619,1.39,7.64,19.6,62.3,171.0,159.6,136.03,66.0902,0.1974,13.8082,14.6878,2.679,4.323,182.73,536.23
1.346,0.529,2.55,19.3,65.4,216.75,207.41,172.78,83.2038,-2.3489,18.3957,1.9712,1.8154,0.562,187.68,82.26
18.817,12.378,1.52,18.3,40.6,141.39,132.99,108.9,55.6565,-0.9779,14.1543,23.2728,3.0557,7.549,214.61,180.4
4.72,1.079,4.37,27.7,83.6,196.59,192.24,149.8,77.1703,-5.3439,21.9931,6.9716,6.0742,5.201,218.63,189.87
47.139,7.902,5.97,35.9,61.5,71.38,63.05,52.16,27.1969,1.5308,7.9964,54.8219,7.605,4.962,199.47,89.11
42.233,6.399,6.6,24.3,82.4,64.82,59.56,50.3,25.371,0.4287,6.5641,57.3067,5.4473,5.634,197.02,222.65
33.795,8.011,4.22,19.2,71.5,88.8,80.77,63.54,34.6589,0.1961,11.3599,45.0944,6.428,6.97,162.77,174.89
43.335,11.727,3.7,26.2,51.4,72.56,63.67,43.18,27.3101,0.2732,13.9614,54.1932,7.5384,8.3,185.91,651.89
79.627,25.637,3.11,35.6,72.9,51.86,31.89,36.97,14.8817,10.5814,0.5386,74.0599,6.8191,6.071,198.91,854.95
44.835,7.125,6.29,21.3,55.5,70.51,56.68,53.75,25.1999,5.5502,4.1228,58.8206,6.5083,4.677,198.77,96.39
9.154,2.468,3.71,28.1,75.6,180.92,151.45,131.61,64.763,7.9112,14.547,19.2539,4.1246,9.384,218.5,778.36
10.742,2.452,4.38,31.4,78.1,168.54,143.83,121.09,61.3635,5.7121,15.5374,20.2026,8.7491,8.757,216.32,798.7
49.785,8.935,5.57,31.7,76.8,60.61,53.38,33.29,22.5566,-0.3285,13.8339,60.7148,6.0862,6.883,200.65,785.55
10.731,2.115,5.07,27.8,37.6,158.48,157.54,125.63,64.2503,-5.1556,16.8582,16.2863,5.195,6.782,218.0,114.03
95.253,14.955,6.37,29.0,80.6,45.65,43.09,32.89,17.5358,-0.962,7.0742,68.0708,5.6713,3.906,186.51,86.2
15.367,2.143,7.17,19.2,70.7,157.4,147.06,122.78,61.2374,-0.2808,14.2535,18.4806,3.7771,5.966,214.68,807.23
2.194,0.456,4.81,32.0,70.8,209.71,195.69,170.94,79.5771,0.8844,14.2123,5.8228,6.1985,5.084,190.49,161.86
3.085,0.577,5.34,28.2,36.9,208.6,190.97,157.48,77.991,0.9879,19.182,5.9841,3.922,2.806,195.77,643.76
8.478,1.299,6.53,35.8,77.3,156.01,148.87,120.36,61.5587,-2.1962,16.0368,18.0499,6.9002,0.602,204.74,782.39
59.649,12.119,4.92,31.6,59.8,52.2,47.06,39.53,19.735,0.7662,5.6855,65.2725,5.9792,3.451,188.07,129.93
9.344,1.713,5.45,25.9,78.0,170.12,163.52,130.87,66.9562,-3.0502,17.8508,13.653,2.3898,5.139,218.0,83.73
47.636,15.456,3.08,31.5,43.1,66.22,51.39,49.21,22.9704,6.2537,3.9116,62.044,4.5987,6.342,203.77,206.08
10.822,9.072,1.19,29.8,37.5,164.49,153.08,128.84,63.617,0.1266,14.2698,16.5775,2.9338,1.724,214.31,783.22
11.054,3.677,3.01,27.9,71.9,157.9,158.97,124.64,64.5781,-6.3093,17.8493,16.276,7.3932,7.206,212.15,649.77
7.506,1.289,5.82,28.2,58.7,175.61,162.47,135.42,67.243,0.3358,15.8143,13.6048,4.0397,0.786,208.62,132.68
9.526,2.848,3.34,28.2,76.9,164.95,154.13,127.54,63.9148,-0.4657,15.4114,16.1634,6.1241,6.241,190.36,615.79
5.676,0.834,6.8,32.0,70.9,185.8,173.9,142.5,71.2946,-0.8303,17.6876,10.2243,5.713,4.568,192.01,185.16
11.54,1.599,7.22,34.8,63.2,144.24,132.35,111.73,55.8008,0.9732,12.7717,23.4602,4.6306,6.132,215.26,931.49
32.737,5.176,6.32,32.5,61.0,77.7,68.35,59.98,29.6874,2.3895,6.518,51.902,4.6515,1.815,202.85,762.59
8.238,1.718,4.79,30.0,54.6,156.42,150.85,130.11,62.3468,-1.5977,11.6748,17.8569,4.4039,0.738,205.14,694.23
79.872,16.147,4.95,24.4,37.2,56.25,41.71,32.99,18.3352,5.2607,8.3062,67.5985,3.1475,8.233,196.47,83.92
26.633,6.69,3.98,18.6,50.4,101.13,91.93,76.42,39.4868,0.9126,10.2852,39.7423,3.5907,2.976,189.84,696.14
31.339,11.222,2.79,35.0,62.1,82.7,72.28,61.17,31.4274,2.3499,8.2741,49.5138,6.3869,0.711,189.82,124.49
97.572,73.575,1.33,19.3,76.6,46.68,33.51,26.0,14.3312,5.0154,7.5182,72.4113,1.2214,9.484,205.15,799.52
1.78,0.269,6.63,28.9,64.6,217.86,205.29,170.62,82.7074,-1.1532,18.859,2.0749,3.12,2.432,222.13,101.45
0.754,0.115,6.58,35.0,46.5,218.19,203.72,173.8,82.3994,0.2513,16.7506,3.3257,6.595,1.494,191.21,608.7
4.797,0.683,7.03,30.1,79.8,192.31,171.12,143.74,71.1627,3.3648,16.9156,11.8388,5.5644,3.329,195.29,723.94
2.508,0.788,3.18,28.6,72.7,203.05,194.42,159.27,78.4545,-2.6742,18.7965,5.0944,3.9076,0.451,205.33,627.56
26.614,14.778,1.8,19.2,54.2,124.08,111.16,95.04,47.6509,2.2493,10.8233,31.4785,5.6558,7.564,191.87,615.12
11.284,3.766,3.0,37.9,64.4,144.13,134.52,112.99,56.4132,-0.0958,12.9022,22.7618,5.9659,2.415,189.35,97.61
88.938,13.563,6.56,25.0,58.8,41.77,39.66,30.86,15.9045,-0.9155,6.1646,70.1838,4.3226,4.761,200.51,723.55
26.681,24.774,1.08,37.9,65.1,86.57,79.78,69.33,34.2811,0.8044,7.1744,45.9844,8.0662,4.8,185.22,122.17
14.714,2.067,7.12,35.2,84.7,129.67,119.99,101.77,50.8107,0.5198,11.3644,28.0887,7.3624,0.465,198.46,188.34
87.388,23.475,3.72,24.7,75.0,46.32,41.04,28.01,16.7996,-0.0782,9.4462,68.8643,3.6583,5.403,201.21,202.58
11.474,4.745,2.42,19.9,80.7,160.76,151.83,127.3,62.9225,-0.89,14.1113,17.062,4.8047,5.691,211.19,648.98
65.095,17.835,3.65,35.5,55.9,45.34,42.78,34.99,17.4539,-0.5026,5.505,68.3237,7.5263,7.693,202.5,125.11
51.494,6.679,7.71,37.7,80.5,55.18,42.23,29.71,18.2846,3.8773,10.4597,67.2423,7.4067,7.079,199.89,114.18
0.053,0.024,2.25,33.8,68.4,221.39,212.67,181.04,85.0944,-2.1392,16.739,1.6819,5.4824,0.318,201.4,141.12
68.974,8.65,7.97,30.6,37.7,59.93,50.77,41.79,21.8432,2.3911,7.2217,62.344,4.944,1.11,182.97,709.29
9.57,1.31,7.31,28.6,65.2,166.97,156.4,128.19,64.7146,-0.8158,16.1917,15.4356,5.0115,4.846,204.47,205.86
5.975,3.538,1.69,26.3,55.8,188.91,175.55,143.83,72.0215,-0.3211,18.0159,9.7308,3.2634,1.828,216.57,696.88
0.306,0.067,4.54,20.0,45.0,218.82,213.53,177.54,85.0393,-4.0452,18.4721,2.8021,1.5312,5.231,216.11,153.39
30.672,8.086,3.79,19.1,39.3,107.21,98.3,81.3,42.046,0.5037,10.9704,36.8775,1.0516,0.557,191.46,177.44
0.792,0.294,2.7,26.3,45.3,216.09,207.37,176.36,83.2143,-2.0429,16.5134,2.384,3.2946,0.715,210.46,696.62
0.047,0.006,7.55,33.8,38.5,221.9,214.85,179.39,85.661,-3.3243,18.4055,2.0294,3.5442,4.766,225.23,833.71
42.812,8.081,5.3,19.3,80.6,81.82,74.51,62.61,32.0467,0.8049,8.2136,48.5514,2.5043,0.638,176.37,613.82
95.187,12.27,7.76,28.4,36.1,54.27,47.15,41.72,20.0509,2.1156,4.6619,65.1082,4.2591,2.383,188.04,211.4
6.881,4.688,1.47,35.4,71.7,175.18,154.61,132.39,65.0628,4.0156,14.4504,16.7663,8.5085,6.445,207.08,212.36
26.94,5.517,4.88,22.0,45.1,110.93,100.17,90.98,43.1792,2.5857,6.7615,36.6196,2.1545,0.955,176.85,119.65
6.678,0.973,6.87,33.4,57.6,172.32,167.55,131.43,68.2393,-4.2773,19.3398,12.8309,6.5243,7.888,220.64,733.16
76.223,9.532,8.0,37.3,51.4,50.81,47.53,37.4,19.6834,-0.6111,7.043,65.1543,6.3101,0.752,189.04,706.87
2.565,0.606,4.23,29.7,72.5,203.79,189.03,158.29,77.0985,0.297,17.4451,6.3358,4.4147,0.838,210.77,627.48
0.532,0.085,6.25,34.0,41.7,219.04,207.94,172.36,83.5167,-1.8366,19.0816,1.5046,4.8974,0.651,185.72,104.57
38.919,32.899,1.18,25.0,76.6,78.84,68.48,56.42,29.7573,2.204,8.9274,51.5095,3.8023,3.347,202.74,124.87
80.349,11.936,6.73,32.9,67.9,51.11,42.08,37.3,17.9359,3.2195,4.6689,68.1727,5.9691,0.624,156.05,92.65
2.264,0.38,5.96,33.9,50.6,206.76,203.0,164.26,81.0902,-5.026,19.8416,4.7189,5.1457,5.459,212.47,210.16
7.102,1.669,4.26,37.0,56.1,183.01,160.31,131.59,67.2587,3.8719,18.0488,14.6746,4.4779,7.508,218.69,168.91
8.653,1.266,6.83,30.8,79.0,172.15,156.12,122.99,64.9908,0.648,19.5207,15.2959,6.0859,7.539,219.71,789.82
0.652,0.369,1.77,29.2,82.3,218.6,212.97,177.46,84.876,-3.8533,18.2846,2.6686,5.2547,5.873,226.3,733.84
4.414,2.369,1.86,36.1,46.0,195.85,178.61,151.97,73.5891,1.8928,15.8651,9.5699,5.5517,1.029,186.16,570.11
6.996,1.321,5.3,33.2,69.2,171.97,155.86,132.54,65.104,2.0987,14.3793,15.8988,4.7309,2.818,216.33,754.54
11.382,4.335,2.63,21.9,58.2,162.1,145.95,125.4,61.4175,2.6021,13.0897,19.1347,6.0989,8.011,201.85,750.76
18.829,4.393,4.29,35.4,57.0,124.99,114.52,96.23,48.7097,0.862,11.6124,30.111,5.2187,2.616,211.87,755.24
1.491,0.445,3.35,25.6,65.5,211.48,205.41,173.6,82.2824,-3.1377,16.6109,3.3678,6.2096,3.278,187.24,533.72
5.153,1.645,3.13,36.1,48.8,187.01,174.51,144.59,71.602,-0.3847,16.9918,10.0868,6.0965,1.317,193.0,620.75
9.614,3.187,3.02,31.3,53.5,165.29,153.91,127.41,63.881,-0.2305,15.4455,16.2115,4.9633,0.972,190.42,790.24
7.976,1.872,4.26,28.1,65.2,167.63,165.77,129.57,67.3339,-5.427,19.0516,13.8279,4.753,4.893,212.11,878.76
2.986,0.459,6.51,23.7,66.2,214.96,193.16,165.85,79.2707,3.4333,16.5705,7.4826,2.9133,6.0,224.48,736.54
42.728,9.153,4.67,31.2,83.1,66.05,54.87,48.5,23.9927,3.7393,5.8374,59.7587,6.5077,5.178,195.92,223.63
81.234,47.212,1.72,26.9,50.9,50.26,38.58,26.5,16.4321,3.3926,10.0753,69.5916,3.3959,7.968,201.0,125.14
1.599,0.301,5.31,31.1,51.2,215.48,201.39,175.72,81.621,0.747,14.6074,4.6731,5.2178,4.216,205.92,207.84
3.219,1.387,2.32,35.5,65.1,199.53,187.73,158.34,76.405,-0.6192,16.3968,6.6632,5.8475,4.507,217.2,754.39
7.372,2.073,3.56,35.7,61.6,157.59,150.11,125.52,62.1418,-1.4592,13.9772,17.709,6.3409,0.564,185.82,76.1
2.482,1.393,1.78,29.1,42.0,209.39,199.24,162.37,80.2875,-2.3573,19.7685,3.7578,4.5728,3.289,218.43,733.29
7.417,0.983,7.54,28.3,54.4,185.0,166.72,137.92,69.244,2.0638,17.3395,12.4976,3.8032,5.288,207.13,642.52
0.25,0.044,5.66,21.1,71.0,228.38,216.25,176.66,86.482,-2.0429,21.0546,1.1112,2.6086,0.604,197.49,638.51
6.667,1.842,3.62,32.8,48.0,171.57,160.44,136.63,66.3776,0.0563,13.88,14.4318,4.8043,0.494,204.89,719.92
41.346,6.778,6.1,31.8,41.0,67.36,57.85,43.72,24.9411,1.6082,10.3373,57.6776,6.138,5.993,171.19,593.93
11.908,5.462,2.18,25.7,35.5,155.85,145.52,120.86,60.6409,-0.3345,14.4844,18.9544,2.8695,0.505,206.1,680.48
33.236,8.227,4.04,25.8,84.7,84.34,74.82,67.56,32.5269,2.5967,5.7795,48.5545,3.4816,1.3,202.66,853.75
38.785,25.314,1.53,36.5,58.1,67.99,62.38,53.19,26.6605,0.5952,6.5201,55.5902,4.9919,3.505,203.22,836.11
45.687,9.261,4.93,28.0,71.1,72.71,62.83,46.78,27.1431,1.4149,11.4354,54.615,3.8111,4.459,185.24,628.35
5.03,1.697,2.96,20.0,53.8,199.13,180.64,158.64,74.5425,3.0492,13.6217,10.1845,3.2505,7.174,212.39,651.11
4.244,0.554,7.66,24.1,37.2,195.17,188.39,160.29,76.2562,-2.3112,15.0893,7.0132,2.0388,4.709,211.42,208.45
10.062,8.018,1.25,22.8,81.3,172.77,159.58,133.7,66.1878,0.5486,15.2556,14.517,2.8661,0.716,209.05,687.12
35.92,6.579,5.46,27.7,50.3,76.26,67.16,50.24,28.9367,0.8531,11.7146,52.1973,4.4163,5.239,196.8,260.92
6.072,0.834,7.28,36.7,57.8,181.55,168.29,143.94,69.481,0.7671,14.3198,12.1933,5.0938,0.613,200.04,613.98
5.42,1.594,3.4,31.8,56.7,183.04,168.53,142.66,69.6458,1.0135,15.2725,12.0214,4.4281,1.789,188.99,85.57
6.611,4.762,1.39,28.6,64.6,172.93,163.35,139.59,67.3359,-0.5467,13.605,13.654,7.5261,7.754,206.77,209.39
54.857,10.24,5.36,33.5,68.1,59.07,51.45,31.31,21.7262,-0.1133,14.0038,61.8925,6.0024,10.135,203.16,746.34
8.355,1.519,5.5,34.9,79.6,165.69,162.82,127.01,66.3191,-4.9802,19.0356,14.4846,6.3448,4.664,209.2,183.83
11.383,3.269,3.48,21.1,64.1,156.48,151.73,127.34,62.5305,-2.5028,13.4848,17.5122,5.4075,4.926,217.15,1033.82
1.84,0.375,4.91,18.4,40.8,210.07,207.6,170.73,82.679,-5.2227,18.6664,4.4166,5.6019,4.643,214.66,124.25
76.544,35.531,2.15,34.8,63.6,50.24,42.03,37.49,17.8226,2.865,4.3636,68.3012,5.5995,0.743,186.95,103.83
2.17,1.206,1.8,19.6,53.3,215.62,200.48,168.7,81.2529,0.2422,17.8244,3.704,2.2175,0.904,201.76,751.64
21.893,2.923,7.49,24.2,53.8,129.68,113.94,93.43,48.9329,2.7259,13.6339,30.0628,4.1523,8.678,211.98,236.79
4.368,0.571,7.65,30.2,70.3,198.79,186.47,158.17,76.0102,-0.2527,15.9284,7.0781,5.4788,7.235,223.44,1041.0
59.246,15.904,3.73,31.3,62.3,57.94,48.5,42.84,20.9279,3.1504,5.1959,63.9869,3.2603,5.041,201.81,1007.14
8.788,4.748,1.85,25.8,55.0,173.57,174.31,140.04,70.3407,-6.1194,17.5523,12.0059,4.6648,5.269,218.14,211.24
8.571,2.127,4.03,27.7,54.2,178.92,169.42,142.09,69.5137,-1.1353,15.3496,11.7346,4.0726,2.454,209.31,796.85
50.578,8.193,6.17,25.5,38.5,79.21,65.34,58.86,28.9159,4.789,6.1798,53.4569,4.3356,7.036,201.43,165.44
98.571,20.616,4.78,35.5,83.5,48.04,33.27,30.24,14.5539,6.5679,4.8281,72.8217,6.4268,5.092,198.91,1035.8
11.468,1.455,7.88,30.2,41.9,145.78,130.78,112.52,55.5297,2.6097,11.9581,24.1936,5.9824,5.768,190.59,650.17
5.129,0.685,7.49,31.1,39.6,190.62,182.09,150.43,74.0221,-2.1831,17.2368,8.2409,4.7045,4.387,205.97,683.93
42.853,39.873,1.07,32.2,61.4,77.49,63.19,56.97,28.0335,5.0649,6.1341,54.6569,7.8815,7.759,196.71,102.76
4.67,3.215,1.45,35.7,67.5,188.89,187.59,170.06,75.7615,-2.6328,9.0377,9.5622,5.9291,10.203,216.31,809.97
11.138,8.257,1.35,32.6,56.9,157.4,147.49,122.96,61.3589,-0.4898,14.3203,18.3553,6.8059,6.117,189.7,87.05
68.091,12.477,5.46,21.1,71.4,53.36,41.46,39.6,18.0776,5.1579,3.3064,68.5757,4.8231,5.082,202.46,180.71
19.791,10.718,1.85,23.1,43.1,131.31,122.2,102.38,51.5939,0.0173,12.1257,27.2222,3.895,3.78,209.08,794.79
70.707,29.253,2.42,18.7,62.4,64.25,56.0,45.96,24.0776,1.7103,7.6153,59.0979,3.0459,3.252,201.67,746.51
21.714,3.376,6.43,29.5,82.0,116.67,104.57,87.5,44.901,1.807,11.359,34.0585,6.6762,2.987,193.25,597.14
87.062,23.97,3.63,22.9,48.7,47.0,40.44,26.51,16.6424,0.4411,10.278,69.0365,3.8692,8.343,186.5,177.76
47.852,7.757,6.17,26.5,74.5,60.63,57.71,46.07,24.242,-1.0803,7.7104,58.6981,6.3101,4.23,201.05,729.7
2.66,1.606,1.66,20.1,68.0,217.66,211.15,171.87,84.2192,-4.076,20.2958,2.7768,3.3872,10.539,230.35,804.05
6.519,3.452,1.89,19.6,55.3,189.34,174.2,143.03,71.6886,0.4514,17.996,10.1407,2.2642,3.334,193.0,685.66
10.398,1.465,7.1,32.7,44.9,166.48,151.9,125.4,63.4057,1.0426,15.923,16.7758,3.0589,6.878,217.12,881.72
5.051,2.82,1.79,35.4,75.4,181.16,173.08,142.5,70.6849,-2.1793,16.7822,10.7443,5.9116,1.859,202.36,727.35
49.096,6.23,7.88,29.9,45.6,64.16,55.58,46.94,23.9601,2.1193,6.7971,59.3984,3.9985,3.647,188.8,117.56
70.362,12.606,5.58,20.3,71.3,60.35,50.49,42.69,21.8269,2.9349,6.5994,62.5184,2.1548,0.557,177.14,617.45
4.267,1.907,2.24,35.9,66.0,186.75,181.94,153.53,73.7287,-3.0972,15.097,8.9157,6.0687,0.437,202.48,563.49
8.798,1.112,7.91,28.5,73.7,162.89,155.4,129.89,64.1276,-1.6079,14.3735,16.0506,4.3009,6.215,219.14,179.71
4.555,1.612,2.83,26.1,43.2,214.23,193.58,157.89,79.1542,1.8128,20.6484,5.8176,2.7287,6.757,200.9,621.34
9.043,1.406,6.43,36.6,42.4,168.46,157.74,132.93,65.303,-0.247,14.3946,15.1683,5.1174,0.531,191.52,656.72
6.696,4.584,1.46,26.9,42.9,187.57,169.88,142.75,70.3972,2.0549,16.3299,11.7585,3.7171,5.143,213.27,105.38
6.154,0.771,7.98,19.2,36.4,191.22,175.23,147.98,72.2247,1.3448,16.0691,10.2058,2.8546,3.613,214.64,975.87
11.949,1.765,6.77,27.0,41.9,159.0,144.66,127.25,60.832,2.3833,11.1821,19.8345,5.9263,5.856,183.15,73.33
11.803,4.576,2.58,20.8,52.0,150.21,141.18,117.42,58.8827,-0.6976,13.9015,20.475,2.5378,1.176,206.93,633.15
9.609,1.958,4.91,19.9,65.3,176.35,168.93,139.03,69.1015,-2.3287,16.4222,11.9905,2.4815,2.888,218.37,210.99
23.809,7.099,3.35,22.9,75.7,112.46,101.55,83.76,43.5468,1.2084,11.6552,35.3253,6.427,5.924,213.0,256.14
77.593,25.214,3.08,22.4,51.4,54.78,45.91,40.58,19.6799,2.9831,4.9284,65.7302,2.5122,0.439,175.54,643.93
3.126,0.528,5.92,29.1,40.8,219.84,202.64,160.52,81.9949,-0.4309,23.2355,3.4612,2.5273,6.263,219.43,754.9
5.444,0.897,6.07,33.6,51.1,196.74,174.85,145.46,72.5606,3.3166,17.98,10.7901,6.3665,4.062,209.45,733.8
50.482,7.149,7.06,28.0,48.6,56.71,53.72,45.56,22.5401,-0.391,5.6144,61.2816,4.2133,6.453,189.35,73.34
0.849,0.181,4.69,19.9,58.3,224.26,208.5,171.57,84.0745,-0.2941,20.3346,1.8803,4.2447,2.865,201.75,120.66
5.104,1.234,4.13,21.4,57.3,191.14,180.91,159.27,73.9464,-0.0102,12.3435,9.285,5.199,5.472,210.33,113.21
81.474,14.464,5.63,19.6,35.4,59.66,53.06,43.12,22.5742,0.9809,7.3416,61.1403,2.5633,0.697,198.46,276.56
34.688,21.989,1.58,31.6,73.4,76.38,67.21,55.01,29.0749,1.6529,8.8433,52.3113,5.9875,4.427,204.59,865.44
11.675,1.709,6.83,21.2,40.4,170.07,150.63,127.3,63.433,3.4502,14.9473,17.6458,1.1706,4.486,190.8,595.2
89.307,18.109,4.93,29.9,38.2,42.85,29.6,36.96,12.9363,7.9949,-2.4608,75.8477,3.9606,8.755,202.57,742.75
8.033,1.037,7.74,33.0,70.3,163.73,160.32,131.93,65.5768,-3.645,15.2731,15.0414,6.2351,4.86,216.18,131.33
74.861,22.325,3.35,19.2,45.2,61.51,48.59,38.12,21.2513,4.0041,8.9067,63.2742,3.4068,5.023,197.59,773.99
